username,password,repassword,name,email,mobile
Antony,test5,test5,Antony,test5@gmail.com,+130578624222
Betty,test6,test6,Betty,test6@gmail.com,+130596358662
Daniel,test3,test3,Daniel,test3@gmail.com,+91 855432589
John,test1,test1,John,test1@gmail.com,+91 8903619253
Lisa,test2,test2,Lisa,test2@gmail.com,+13012589348
Mark,test8,test8,Mark,test8@gmail.com,+1258631
Mary,test10,test10,Mary,test10,+132895426
Matthew,test4,test4,Matthew,test4@gmail.com,+189642962366
Paul,test9,test9,Paul,test9,+9158932473
Sandra,test7,test7,Sandra,test7@gmail.com,+13354525862
